{
  "nodeLayouts": {
    "inputs": {
      "x": 113.760009765625,
      "y": -64.72000122070312,
      "index": -1
    },
    "outputs": {
      "x": 90.719970703125,
      "y": 188.8800048828125,
      "index": -1
    },
    "chat_llm": {
      "x": 12,
      "y": 172,
      "index": -1
    },
    "instruct_llm": {
      "x": -16.320068359375,
      "y": 141.11997985839844,
      "index": -1
    },
    "simple_chat": {
      "x": -84.47998046875,
      "y": 63.360015869140625,
      "index": 0
    }
  },
  "orientation": "Vertical"
}