{
  "nodeLayouts": {
    "inputs": {
      "x": 64.55987548828125,
      "y": -39.51996612548828,
      "index": -1
    },
    "outputs": {
      "x": 345.3599548339844,
      "y": 466.239990234375,
      "index": -1
    },
    "fluency_llm": {
      "x": 348.2398681640625,
      "y": 58.239967346191406,
      "index": 0
    },
    "coherence_llm": {
      "x": 159.60015869140625,
      "y": 118.239990234375,
      "index": 1
    },
    "relevence_llm": {
      "x": -100.32000732421875,
      "y": 56.559967041015625,
      "index": 2
    },
    "write_results": {
      "x": -9.960174560546875,
      "y": 380.7999572753906,
      "index": 4
    },
    "concat_scores": {
      "x": 154.56008911132812,
      "y": 271.6000061035156,
      "index": 3
    }
  },
  "orientation": "Vertical"
}