{
  "nodeLayouts": {
    "inputs": {
      "x": 94.07989501953125,
      "y": -38.07996368408203,
      "index": -1
    },
    "outputs": {
      "x": 73.19998168945312,
      "y": 772,
      "index": -1
    },
    "fluency_llm": {
      "x": 220.7999267578125,
      "y": 58.23998260498047,
      "index": 0
    },
    "coherence_llm": {
      "x": 85.44000244140625,
      "y": 122.55998229980469,
      "index": 1
    },
    "relevence_llm": {
      "x": -74.39996337890625,
      "y": 55.119964599609375,
      "index": 2
    },
    "write_results": {
      "x": 73.55984497070312,
      "y": 299.4399719238281,
      "index": 3
    }
  },
  "orientation": "Vertical"
}